address	name	body_size	status
00410078	FUN_00410078	48	ok
0041007c	FUN_0041007c	14774	ok
00410a48	FUN_00410a48	112058	ok
00413da4	FUN_00413da4	1115	ok
00413e88	FUN_00413e88	48	ok
00413ea4	FUN_00413ea4	480	ok
004142b8	FUN_004142b8	474	ok
004142e4	FUN_004142e4	8796	ok
00414690	FUN_00414690	424	ok
004146c0	FUN_004146c0	1993	ok
004147dc	FUN_004147dc	1153	ok
004148ac	FUN_004148ac	665	ok
00414998	FUN_00414998	1425	ok
00414a94	FUN_00414a94	989	ok
00414b24	FUN_00414b24	4324	ok
00414e5c	FUN_00414e5c	1578	ok
00414e68	FUN_00414e68	1465	ok
00414f40	FUN_00414f40	1301	ok
00415b78	FUN_00415b78	1528	ok
00415c04	FUN_00415c04	779	ok
00415c68	FUN_00415c68	1633	ok
00415d40	FUN_00415d40	8787	ok
0041643c	FUN_0041643c	788	ok
00416ba8	FUN_00416ba8	815	ok
00416cb4	FUN_00416cb4	3731	ok
004171b8	FUN_004171b8	1232	ok
00417248	FUN_00417248	1061	ok
00417308	FUN_00417308	1053	ok
004173c8	FUN_004173c8	1244	ok
0041760c	FUN_0041760c	7613	ok
00417b20	FUN_00417b20	3245	ok
00418134	FUN_00418134	2227	ok
0041831c	FUN_0041831c	2200	ok
00418484	FUN_00418484	1227	ok
00418514	FUN_00418514	1161	ok
0041868c	FUN_0041868c	1123	ok
00418770	FUN_00418770	3727	ok
00418a04	FUN_00418a04	1183	ok
00418b00	FUN_00418b00	807	ok
00418b98	FUN_00418b98	3558	ok
0041929c	FUN_0041929c	1984	ok
004194a8	FUN_004194a8	5079	ok
0041987c	FUN_0041987c	3292	ok
00419af4	FUN_00419af4	14408	ok
0041ab4c	FUN_0041ab4c	2515	ok
0041ad54	FUN_0041ad54	1456	ok
0041af88	FUN_0041af88	1216	ok
0041b078	FUN_0041b078	242	ok
0041b34c	FUN_0041b34c	2416	ok
0041b540	FUN_0041b540	2871	ok
0041b920	FUN_0041b920	618	ok
0041b994	FUN_0041b994	458	ok
0041b9d8	FUN_0041b9d8	813	ok
0041ba68	FUN_0041ba68	166	ok
0041ba78	FUN_0041ba78	48	ok
0041ba7c	FUN_0041ba7c	3185	ok
0041bcc8	FUN_0041bcc8	303	ok
0041bcfc	FUN_0041bcfc	222	ok
0041bd1c	FUN_0041bd1c	1982	ok
0041be94	FUN_0041be94	1965	ok
0041bffc	FUN_0041bffc	1965	ok
0041c184	FUN_0041c184	1313	ok
0041c280	FUN_0041c280	1337	ok
0041c518	FUN_0041c518	1934	ok
0041c884	FUN_0041c884	1683	ok
0041ca90	FUN_0041ca90	1780	ok
0041ccf0	FUN_0041ccf0	588	ok
0041ce88	FUN_0041ce88	1596	ok
0041cf44	FUN_0041cf44	175	ok
0041cf5c	FUN_0041cf5c	209	ok
0041cfc0	FUN_0041cfc0	864	ok
0041db48	FUN_0041db48	356	ok
0041db98	FUN_0041db98	557	ok
0041dc20	FUN_0041dc20	568	ok
0041dc8c	FUN_0041dc8c	13708	ok
0041e85c	FUN_0041e85c	6046	ok
0041eb30	FUN_0041eb30	36636	ok
00420578	FUN_00420578	6389	ok
00420a10	FUN_00420a10	2182	ok
00420b8c	FUN_00420b8c	747	ok
00420c10	FUN_00420c10	197	ok
00420c34	FUN_00420c34	2339	ok
00420dcc	FUN_00420dcc	1312	ok
00420ec4	FUN_00420ec4	2415	ok
00421074	FUN_00421074	2280	ok
004211c8	FUN_004211c8	6799	ok
00421684	FUN_00421684	2242	ok
00421850	FUN_00421850	2339	ok
00421a14	FUN_00421a14	6296	ok
00421f54	FUN_00421f54	4372	ok
00422238	FUN_00422238	2441	ok
00422330	FUN_00422330	250	ok
00422368	FUN_00422368	1059	ok
00422460	FUN_00422460	954	ok
00422538	FUN_00422538	1007	ok
00422628	FUN_00422628	359	ok
00422674	FUN_00422674	371	ok
004226bc	FUN_004226bc	321	ok
00422704	FUN_00422704	371	ok
0042274c	FUN_0042274c	442	ok
00422790	FUN_00422790	392	ok
004228b8	FUN_004228b8	2112	ok
00422a48	FUN_00422a48	221	ok
00422aa0	FUN_00422aa0	197	ok
00422abc	FUN_00422abc	5735	ok
00422f44	FUN_00422f44	532	ok
00422fd8	FUN_00422fd8	823	ok
00423070	FUN_00423070	767	ok
00423674	FUN_00423674	2967	ok
00423858	FUN_00423858	12747	ok
00424164	FUN_00424164	1786	ok
00424318	FUN_00424318	8065	ok
00424858	FUN_00424858	1710	ok
004249f4	FUN_004249f4	1579	ok
00424b48	FUN_00424b48	734	ok
00424bd8	FUN_00424bd8	1141	ok
00424cbc	FUN_00424cbc	690	ok
00424d14	FUN_00424d14	632	ok
00424d58	FUN_00424d58	512	ok
00424d98	FUN_00424d98	512	ok
00424dd8	FUN_00424dd8	973	ok
00424e44	FUN_00424e44	392	ok
00424ed0	FUN_00424ed0	937	ok
00425018	FUN_00425018	5340	ok
00425538	FUN_00425538	3635	ok
00426010	FUN_00426010	1736	ok
00426124	FUN_00426124	1604	ok
00426220	FUN_00426220	1680	ok
00426320	FUN_00426320	1062	ok
004263ac	FUN_004263ac	791	ok
00426410	FUN_00426410	963	ok
00426478	FUN_00426478	2065	ok
004265ac	FUN_004265ac	3455	ok
00426798	FUN_00426798	1305	ok
00426858	FUN_00426858	706	ok
004268a4	FUN_004268a4	588	ok
004268e4	FUN_004268e4	372	ok
0042692c	FUN_0042692c	378	ok
00426974	FUN_00426974	675	ok
004269d4	FUN_004269d4	488	ok
00426a04	FUN_00426a04	466	ok
00426a30	FUN_00426a30	532	ok
00426a80	FUN_00426a80	562	ok
00426ac4	FUN_00426ac4	968	ok
00426b54	FUN_00426b54	1282	ok
00426bdc	FUN_00426bdc	368	ok
00426c3c	FUN_00426c3c	652	ok
00426ca4	FUN_00426ca4	2150	ok
00426df8	FUN_00426df8	1219	ok
00426f70	FUN_00426f70	86	ok
00426f84	FUN_00426f84	86	ok
0042700c	FUN_0042700c	1338	ok
00427160	FUN_00427160	1109	ok
00427214	FUN_00427214	845	ok
004272a8	FUN_004272a8	1788	ok
004273cc	FUN_004273cc	1339	ok
00427584	FUN_00427584	65622	ok
0042a098	FUN_0042a098	2883	ok
0042a3f0	FUN_0042a3f0	2883	ok
0042a70c	FUN_0042a70c	9057	ok
0042ad60	FUN_0042ad60	2082	ok
0042ae80	FUN_0042ae80	2427	ok
0042b004	FUN_0042b004	467	ok
0042b074	FUN_0042b074	767	ok
0042b0f4	FUN_0042b0f4	4174	ok
0042b338	FUN_0042b338	1268	ok
0042b490	FUN_0042b490	2785	ok
0042b5fc	FUN_0042b5fc	1907	ok
0042b880	FUN_0042b880	22947	ok
0042c790	FUN_0042c790	12728	ok
0042ce70	FUN_0042ce70	958	ok
0042cf04	FUN_0042cf04	591	ok
0042cf54	FUN_0042cf54	1298	ok
0042d048	FUN_0042d048	742	ok
0042d0d4	FUN_0042d0d4	1711	ok
0042d1a4	FUN_0042d1a4	942	ok
0042d20c	FUN_0042d20c	387	ok
0042d250	FUN_0042d250	1995	ok
0042d36c	FUN_0042d36c	1796	ok
0042d46c	FUN_0042d46c	1580	ok
0042d554	FUN_0042d554	1151	ok
0042d61c	FUN_0042d61c	1503	ok
0042d72c	FUN_0042d72c	1190	ok
0042d7c0	FUN_0042d7c0	952	ok
0042d860	FUN_0042d860	1506	ok
0042d948	FUN_0042d948	3266	ok
0042db74	FUN_0042db74	1912	ok
0042dc9c	FUN_0042dc9c	2674	ok
0042deb8	FUN_0042deb8	3325	ok
0042e684	FUN_0042e684	2418	ok
0042e7dc	FUN_0042e7dc	3718	ok
0042ea00	FUN_0042ea00	5626	ok
0042ed6c	FUN_0042ed6c	4003	ok
0042efdc	FUN_0042efdc	6243	ok
0042f49c	FUN_0042f49c	6634	ok
0042f85c	FUN_0042f85c	2109	ok
0042f9c0	FUN_0042f9c0	2028	ok
0042faf8	FUN_0042faf8	1782	ok
0042fc84	FUN_0042fc84	767	ok
0042fce0	FUN_0042fce0	1792	ok
00430568	FUN_00430568	462	ok
0043059c	FUN_0043059c	264	ok
004305b8	FUN_004305b8	1964	ok
004307d0	FUN_004307d0	9583	ok
00430fd8	FUN_00430fd8	10462	ok
00431a7c	FUN_00431a7c	19366	ok
00432c64	FUN_00432c64	2017	ok
00432de4	FUN_00432de4	240	ok
00432e08	FUN_00432e08	977	ok
00432ecc	FUN_00432ecc	6947	ok
00433d30	FUN_00433d30	2309	ok
00433e9c	FUN_00433e9c	25833	ok
0043574c	FUN_0043574c	41459	ok
00437ae4	FUN_00437ae4	26602	ok
00439220	FUN_00439220	1281	ok
00439408	FUN_00439408	1297	ok
0043a1fc	FUN_0043a1fc	2295	ok
0043a39c	FUN_0043a39c	6059	ok
0043a6e0	FUN_0043a6e0	812	ok
0043a800	FUN_0043a800	2223	ok
0043a8f8	FUN_0043a8f8	1375	ok
0043a9a8	FUN_0043a9a8	737	ok
0043aa14	FUN_0043aa14	915	ok
0043aa98	FUN_0043aa98	974	ok
0043ab38	FUN_0043ab38	418	ok
0043ab74	FUN_0043ab74	1702	ok
0043ac60	FUN_0043ac60	762	ok
0043acec	FUN_0043acec	925	ok
0043adc0	FUN_0043adc0	924	ok
0043aeac	FUN_0043aeac	1426	ok
0043af98	FUN_0043af98	2402	ok
0043b384	FUN_0043b384	5935	ok
0043b708	FUN_0043b708	3354	ok
0043b96c	FUN_0043b96c	492	ok
0043b9bc	FUN_0043b9bc	4641	ok
0043bd4c	FUN_0043bd4c	9278	ok
0043c1b8	FUN_0043c1b8	6549	ok
0043c910	FUN_0043c910	1081	ok
0043c998	FUN_0043c998	1380	ok
0043ca84	FUN_0043ca84	146	ok
0043cac0	FUN_0043cac0	2408	ok
0043cbb4	FUN_0043cbb4	146	ok
0043cbd0	FUN_0043cbd0	146	ok
0043cbf0	FUN_0043cbf0	1193	ok
0043ccc8	FUN_0043ccc8	1356	ok
0043ce58	FUN_0043ce58	11003	ok
0043d4e8	FUN_0043d4e8	2381	ok
0043d8ec	FUN_0043d8ec	461	ok
0043d934	FUN_0043d934	590	ok
0043d9a0	FUN_0043d9a0	581	ok
0043da04	FUN_0043da04	643	ok
0043da80	FUN_0043da80	577	ok
0043db00	FUN_0043db00	29043	ok
0043eb98	FUN_0043eb98	5830	ok
0043ef3c	FUN_0043ef3c	6237	ok
0043f300	FUN_0043f300	5303	ok
0043fcf0	FUN_0043fcf0	1009	ok
0043fdc4	FUN_0043fdc4	426	ok
0043fe24	FUN_0043fe24	669	ok
0043fea4	FUN_0043fea4	7276	ok
004412f8	FUN_004412f8	114	ok
00441370	FUN_00441370	431	ok
004413fc	FUN_004413fc	929	ok
00441444	FUN_00441444	360	ok
0044146c	FUN_0044146c	630	ok
004414c4	FUN_004414c4	1456	ok
00441600	FUN_00441600	212	ok
00441678	FUN_00441678	1320	ok
00441890	FUN_00441890	1320	ok
004418fc	FUN_004418fc	922	ok
00441958	FUN_00441958	922	ok
00441a10	FUN_00441a10	922	ok
00441a6c	FUN_00441a6c	878	ok
00441ac8	FUN_00441ac8	922	ok
00441b24	FUN_00441b24	1778	ok
00441e38	FUN_00441e38	1320	ok
00441ea4	FUN_00441ea4	922	ok
00441f00	FUN_00441f00	922	ok
00442128	FUN_00442128	1320	ok
00442420	FUN_00442420	1320	ok
0044248c	FUN_0044248c	1320	ok
00442564	FUN_00442564	1780	ok
00442728	FUN_00442728	1320	ok
004427f0	FUN_004427f0	1320	ok
00442880	FUN_00442880	1263	ok
00442954	FUN_00442954	864	ok
004429e0	FUN_004429e0	443	ok
00442ca4	FUN_00442ca4	4743	ok
00443344	FUN_00443344	1439	ok
00443598	FUN_00443598	621	ok
004435e8	FUN_004435e8	3468	ok
004437f0	FUN_004437f0	2446	ok
00443dbc	FUN_00443dbc	2084	ok
00444330	FUN_00444330	5443	ok
00444668	FUN_00444668	4087	ok
00444840	FUN_00444840	1124	ok
004448e4	FUN_004448e4	6146	ok
00444c10	FUN_00444c10	10380	ok
00445000	FUN_00445000	4641	ok
004451a8	FUN_004451a8	3581	ok
004452e0	FUN_004452e0	675	ok
00445330	FUN_00445330	263	ok
0044535c	FUN_0044535c	296	ok
00445378	FUN_00445378	441	ok
004453a4	FUN_004453a4	37024	ok
004465dc	FUN_004465dc	1981	ok
004466c4	FUN_004466c4	1834	ok
0044679c	FUN_0044679c	1835	ok
00446874	FUN_00446874	1829	ok
0044694c	FUN_0044694c	1828	ok
00446a24	FUN_00446a24	1832	ok
00446afc	FUN_00446afc	1723	ok
00446bd4	FUN_00446bd4	1827	ok
00446cac	FUN_00446cac	1826	ok
00446d84	FUN_00446d84	1946	ok
00446e6c	FUN_00446e6c	1946	ok
00447090	FUN_00447090	6660	ok
00447638	FUN_00447638	14884	ok
00447d94	FUN_00447d94	2849	ok
004486d8	FUN_004486d8	330	ok
00448744	FUN_00448744	2013	ok
004488a4	FUN_004488a4	2013	ok
00448a3c	FUN_00448a3c	126	ok
00448a48	FUN_00448a48	2163	ok
00448be0	FUN_00448be0	359	ok
00448c1c	FUN_00448c1c	1161	ok
00448cb4	FUN_00448cb4	10345	ok
004495e0	FUN_004495e0	969	ok
00449680	FUN_00449680	3623	ok
00449b30	FUN_00449b30	79	ok
00449b4c	FUN_00449b4c	7082	ok
0044a178	FUN_0044a178	1751	ok
0044a318	FUN_0044a318	15334	ok
0044add8	FUN_0044add8	6763	ok
0044b0ac	FUN_0044b0ac	8926	ok
0044be20	FUN_0044be20	4286	ok
0044c164	FUN_0044c164	785	ok
0044c224	FUN_0044c224	3872	ok
0044c4e4	FUN_0044c4e4	2515	ok
0044c6bc	FUN_0044c6bc	614	ok
0044c71c	FUN_0044c71c	9479	ok
0044d28c	FUN_0044d28c	366	ok
0044d2b4	FUN_0044d2b4	1148	ok
0044d34c	FUN_0044d34c	841	ok
0044d3e8	FUN_0044d3e8	1064	ok
0044d4b4	FUN_0044d4b4	2201	ok
0044d608	FUN_0044d608	523	ok
0044d634	FUN_0044d634	5084	ok
0044db80	FUN_0044db80	797	ok
0044dca4	FUN_0044dca4	7329	ok
0044e238	FUN_0044e238	1793	ok
0044e354	FUN_0044e354	3256	ok
0044e5b0	FUN_0044e5b0	433	ok
0044e74c	FUN_0044e74c	519	ok
0044e7a4	FUN_0044e7a4	619	ok
0044e810	FUN_0044e810	18435	ok
0044f2fc	FUN_0044f2fc	108	ok
0044f310	FUN_0044f310	117	ok
0044f320	FUN_0044f320	137	ok
0044f32c	FUN_0044f32c	144	ok
0044f508	FUN_0044f508	49859	ok
0045186c	FUN_0045186c	272	ok
00451880	FUN_00451880	1105	ok
0045190c	FUN_0045190c	930	ok
00451998	FUN_00451998	1291	ok
00451a54	FUN_00451a54	2181	ok
00451bc4	FUN_00451bc4	884	ok
00451c8c	FUN_00451c8c	1116	ok
00451d88	FUN_00451d88	1122	ok
00451e84	FUN_00451e84	1169	ok
00451f5c	FUN_00451f5c	2929	ok
00452140	FUN_00452140	3717	ok
0045233c	FUN_0045233c	1094	ok
004523f0	FUN_004523f0	56	ok
004523f8	FUN_004523f8	2963	ok
004525f0	FUN_004525f0	1329	ok
004526cc	FUN_004526cc	207	ok
004526e4	FUN_004526e4	663	ok
00452738	FUN_00452738	1504	ok
0045282c	FUN_0045282c	2669	ok
00452958	FUN_00452958	717	ok
00452994	FUN_00452994	1652	ok
00452a58	FUN_00452a58	711	ok
00452a94	FUN_00452a94	1867	ok
00452b70	FUN_00452b70	1493	ok
00452c70	FUN_00452c70	1278	ok
00452d3c	FUN_00452d3c	2422	ok
00452ebc	FUN_00452ebc	636	ok
00452f18	FUN_00452f18	1474	ok
00452fe8	FUN_00452fe8	1048	ok
0045307c	FUN_0045307c	1027	ok
0045311c	FUN_0045311c	1059	ok
004531bc	FUN_004531bc	592	ok
00453210	FUN_00453210	569	ok
00453264	FUN_00453264	108	ok
0045326c	FUN_0045326c	619	ok
0045328c	FUN_0045328c	1285	ok
00453330	FUN_00453330	110	ok
00453338	FUN_00453338	1317	ok
004533a4	FUN_004533a4	109	ok
004533ac	FUN_004533ac	1217	ok
00453414	FUN_00453414	1814	ok
00453508	FUN_00453508	108	ok
00453510	FUN_00453510	1321	ok
0045357c	FUN_0045357c	111	ok
00453588	FUN_00453588	1317	ok
004535f4	FUN_004535f4	112	ok
00453600	FUN_00453600	1321	ok
0045366c	FUN_0045366c	103	ok
00453674	FUN_00453674	1313	ok
004536e0	FUN_004536e0	1318	ok
0045374c	FUN_0045374c	108	ok
00453754	FUN_00453754	1213	ok
004537bc	FUN_004537bc	288	ok
004537d8	FUN_004537d8	1311	ok
0045384c	FUN_0045384c	1314	ok
004538b8	FUN_004538b8	96	ok
004538c0	FUN_004538c0	1004	ok
00453920	FUN_00453920	17868	ok
004544a4	FUN_004544a4	26191	ok
00454fe4	FUN_00454fe4	477	ok
00455034	FUN_00455034	555	ok
00455094	FUN_00455094	2653	ok
00455294	FUN_00455294	1721	ok
004554cc	FUN_004554cc	1488	ok
004555b0	FUN_004555b0	4059	ok
00455850	FUN_00455850	1154	ok
00455940	FUN_00455940	809	ok
004559bc	FUN_004559bc	4417	ok
00455e84	FUN_00455e84	1120	ok
00455fe8	FUN_00455fe8	2812	ok
004561c8	FUN_004561c8	9822	ok
00456874	FUN_00456874	842	ok
00456924	FUN_00456924	1816	ok
00456a3c	FUN_00456a3c	5929	ok
00456f94	FUN_00456f94	3832	ok
00457410	FUN_00457410	2124	ok
004575c4	FUN_004575c4	2389	ok
00457780	FUN_00457780	958	ok
00457818	FUN_00457818	2029	ok
00457994	FUN_00457994	852	ok
00457a34	FUN_00457a34	929	ok
00457cf0	FUN_00457cf0	1933	ok
00457fe0	FUN_00457fe0	1211	ok
00458094	FUN_00458094	471	ok
004580d0	FUN_004580d0	310	ok
00458714	FUN_00458714	2463	ok
00458984	FUN_00458984	2132	ok
00458bac	FUN_00458bac	148	ok
00458bd0	FUN_00458bd0	128	ok
00458bec	FUN_00458bec	538	ok
00458c24	FUN_00458c24	1870	ok
00458d18	FUN_00458d18	2103	ok
00458e7c	FUN_00458e7c	4698	ok
00459190	FUN_00459190	608	ok
00459214	FUN_00459214	1221	ok
00459304	FUN_00459304	1195	ok
00459440	FUN_00459440	522	ok
004594a0	FUN_004594a0	3393	ok
004597dc	FUN_004597dc	696	ok
004598a0	FUN_004598a0	82	ok
004598b4	FUN_004598b4	104	ok
004598c8	FUN_004598c8	1567	ok
004599fc	FUN_004599fc	1570	ok
00459b48	FUN_00459b48	3765	ok
00459e28	FUN_00459e28	2957	ok
00459fc8	FUN_00459fc8	465	ok
0045a014	FUN_0045a014	29035	ok
0045ab18	FUN_0045ab18	1034	ok
0045abdc	FUN_0045abdc	2025	ok
0045adc4	FUN_0045adc4	1650	ok
0045aeb0	FUN_0045aeb0	490	ok
0045af0c	FUN_0045af0c	693	ok
0045af7c	FUN_0045af7c	1131	ok
0045b04c	FUN_0045b04c	3568	ok
0045b2a8	FUN_0045b2a8	2894	ok
0045b3fc	FUN_0045b3fc	938	ok
0045b4a0	FUN_0045b4a0	442	ok
0045b51c	FUN_0045b51c	433	ok
0045b5e8	FUN_0045b5e8	500	ok
0045b6ec	FUN_0045b6ec	2211	ok
0045b8f4	FUN_0045b8f4	1725	ok
0045bac4	FUN_0045bac4	1529	ok
0045bb6c	FUN_0045bb6c	1401	ok
0045be50	FUN_0045be50	947	ok
0045bed0	FUN_0045bed0	3016	ok
0045c070	FUN_0045c070	288	ok
0045c0a0	FUN_0045c0a0	1304	ok
0045c594	FUN_0045c594	1115	ok
0045cbbe	FUN_0045cbbe	48	ok
0045cd7a	FUN_0045cd7a	48	ok
0045cd95	FUN_0045cd95	48	ok
0045ce94	FUN_0045ce94	318	ok
0045cebf	FUN_0045cebf	406	ok
0045cef4	FUN_0045cef4	183	ok
0045cf02	FUN_0045cf02	181	ok
0045cf10	FUN_0045cf10	131	ok
0045cf23	FUN_0045cf23	83	ok
0045cf2e	FUN_0045cf2e	134	ok
0045cf39	FUN_0045cf39	628	ok
0045cfaa	FUN_0045cfaa	554	ok
0045d10e	FUN_0045d10e	593	ok
0045d2cc	FUN_0045d2cc	700	ok
0045d482	FUN_0045d482	567	ok
0045d5f8	FUN_0045d5f8	479	ok
0045d739	FUN_0045d739	708	ok
0045d7c4	FUN_0045d7c4	575	ok
0045d839	FUN_0045d839	502	ok
0045d903	FUN_0045d903	521	ok
0045d92a	FUN_0045d92a	486	ok
0045dab9	FUN_0045dab9	536	ok
0045db21	FUN_0045db21	1013	ok
0045dbba	FUN_0045dbba	501	ok
0045dd04	FUN_0045dd04	2053	ok
0045de8b	FUN_0045de8b	775	ok
0045df96	FUN_0045df96	1321	ok
0045dff3	FUN_0045dff3	1735	ok
0045e54d	FUN_0045e54d	498	ok
0045e594	FUN_0045e594	268	ok
0045e5b8	FUN_0045e5b8	3701	ok
0045e76f	FUN_0045e76f	2613	ok
0045e8e6	FUN_0045e8e6	377	ok
0045e90e	FUN_0045e90e	404	ok
0045e937	FUN_0045e937	1622	ok
0045ea08	FUN_0045ea08	1664	ok
0045eacc	FUN_0045eacc	457	ok
0045eb05	FUN_0045eb05	126	ok
0045ebf1	FUN_0045ebf1	1337	ok
0045ec6c	FUN_0045ec6c	626	ok
0045eca5	FUN_0045eca5	189	ok
0045ecba	FUN_0045ecba	168	ok
0045ecc6	FUN_0045ecc6	801	ok
0045ed2b	FUN_0045ed2b	1467	ok
0045edd6	FUN_0045edd6	5205	ok
0045f0a1	FUN_0045f0a1	184	ok
0045f0d1	FUN_0045f0d1	1676	ok
0045f1c0	FUN_0045f1c0	514	ok
0045f1ff	FUN_0045f1ff	253	ok
0045f218	thunk_FUN_004620db	279	ok
0045f21d	FUN_0045f21d	190	ok
0045f225	FUN_0045f225	154	ok
0045f22f	FUN_0045f22f	398	ok
0045f254	FUN_0045f254	381	ok
0045f296	FUN_0045f296	1861	ok
0045f38a	FUN_0045f38a	1667	ok
0045f428	FUN_0045f428	470	ok
0045f457	FUN_0045f457	1564	ok
0045f503	FUN_0045f503	117	ok
0045f517	FUN_0045f517	48	ok
0045f518	FUN_0045f518	271	ok
0045f530	FUN_0045f530	538	ok
0045f556	FUN_0045f556	88	ok
0045f574	FUN_0045f574	287	ok
0045f5d6	FUN_0045f5d6	1660	ok
0045f699	FUN_0045f699	813	ok
0045f6fa	FUN_0045f6fa	2617	ok
0045f860	FUN_0045f860	120	ok
0045f867	FUN_0045f867	121	ok
0045f86f	FUN_0045f86f	545	ok
0045f8d0	FUN_0045f8d0	240	ok
0045f8e8	FUN_0045f8e8	966	ok
0045f94d	FUN_0045f94d	855	ok
0045f9b5	FUN_0045f9b5	827	ok
0045fa43	FUN_0045fa43	902	ok
0045fa88	FUN_0045fa88	785	ok
0045fae0	FUN_0045fae0	1784	ok
0045fba5	FUN_0045fba5	289	ok
0045fbe2	FUN_0045fbe2	67	ok
0045fc05	FUN_0045fc05	48	ok
0045fc06	FUN_0045fc06	119	ok
0045fc10	FUN_0045fc10	348	ok
0045fc44	FUN_0045fc44	67	ok
0045fc70	FUN_0045fc70	773	ok
0045fca7	FUN_0045fca7	1333	ok
0045fd13	FUN_0045fd13	268	ok
0045fd2c	FUN_0045fd2c	408	ok
0045fd4b	FUN_0045fd4b	660	ok
0045fd93	FUN_0045fd93	256	ok
0045fdc4	FUN_0045fdc4	1275	ok
0045fe5f	FUN_0045fe5f	1096	ok
0045fed8	FUN_0045fed8	1057	ok
0045ff48	FUN_0045ff48	417	ok
0045ff63	FUN_0045ff63	1480	ok
0045fff0	FUN_0045fff0	332	ok
00460022	FUN_00460022	394	ok
0046003b	FUN_0046003b	1374	ok
004600b4	FUN_004600b4	189	ok
004600cb	thunk_FUN_00463144	391	ok
004600d0	FUN_004600d0	390	ok
004600e9	FUN_004600e9	67	ok
0046010a	FUN_0046010a	1560	ok
00460215	FUN_00460215	925	ok
0046030e	entry	182	ok
0046038c	FUN_0046038c	506	ok
004603d1	FUN_004603d1	838	ok
004604e6	FUN_004604e6	384	ok
0046050e	FUN_0046050e	703	ok
00460545	FUN_00460545	165	ok
00460557	FUN_00460557	229	ok
0046055c	FUN_0046055c	229	ok
0046056a	FUN_0046056a	126	ok
00460581	FUN_00460581	229	ok
004605bc	FUN_004605bc	357	ok
004605e8	FUN_004605e8	334	ok
00460623	FUN_00460623	156	ok
00460628	FUN_00460628	48	ok
00460629	thunk_FUN_004603d1	177	ok
0046062e	thunk_FUN_004604e6	132	ok
00460633	FUN_00460633	1833	ok
00460737	FUN_00460737	452	ok
00460779	FUN_00460779	320	ok
004607a3	FUN_004607a3	457	ok
004607f4	FUN_004607f4	279	ok
00460803	FUN_00460803	363	ok
00460844	FUN_00460844	805	ok
00460899	FUN_00460899	169	ok
004608ae	FUN_004608ae	403	ok
004608e8	FUN_004608e8	973	ok
00460957	FUN_00460957	48	ok
00460965	FUN_00460965	1831	ok
00460a1d	FUN_00460a1d	543	ok
00460a74	FUN_00460a74	491	ok
00460aa6	FUN_00460aa6	74	ok
00460ab0	FUN_00460ab0	1906	ok
00460b9a	FUN_00460b9a	394	ok
00460bde	FUN_00460bde	576	ok
00460c1d	FUN_00460c1d	3554	ok
00460c2d	FUN_00460c2d	3565	ok
00460f07	FUN_00460f07	2629	ok
00461045	FUN_00461045	830	ok
004610a4	FUN_004610a4	247	ok
004610c8	FUN_004610c8	246	ok
004610eb	FUN_004610eb	787	ok
00461149	FUN_00461149	1713	ok
0046123e	FUN_0046123e	82	ok
00461245	FUN_00461245	9075	ok
0046172e	FUN_0046172e	242	ok
00461746	FUN_00461746	1676	ok
004617ee	FUN_004617ee	2830	ok
004618f9	FUN_004618f9	938	ok
0046196d	FUN_0046196d	991	ok
004619f2	FUN_004619f2	273	ok
00461a03	FUN_00461a03	658	ok
00461a4d	FUN_00461a4d	56	ok
00461a50	FUN_00461a50	565	ok
00461ab5	FUN_00461ab5	1755	ok
00461d53	FUN_00461d53	3330	ok
00461d9c	FUN_00461d9c	357	ok
00461dc0	FUN_00461dc0	1896	ok
00461ee9	FUN_00461ee9	1616	ok
004620bb	FUN_004620bb	174	ok
004620d0	FUN_004620d0	278	ok
004620db	FUN_004620db	273	ok
004620e7	FUN_004620e7	433	ok
00462124	FUN_00462124	1052	ok
004621a0	FUN_004621a0	825	ok
004621db	FUN_004621db	425	ok
004621fd	FUN_004621fd	968	ok
00462298	FUN_00462298	769	ok
004622ce	FUN_004622ce	258	ok
00462318	FUN_00462318	428	ok
00462353	FUN_00462353	484	ok
00462396	FUN_00462396	151	ok
0046239d	FUN_0046239d	118	ok
004623a5	FUN_004623a5	5074	ok
004625ec	FUN_004625ec	1432	ok
004626e1	FUN_004626e1	540	ok
00462720	FUN_00462720	1548	ok
004627b5	FUN_004627b5	2502	ok
004628d8	FUN_004628d8	881	ok
00462936	FUN_00462936	573	ok
00462979	FUN_00462979	2172	ok
00462a73	FUN_00462a73	7045	ok
00462d8a	FUN_00462d8a	4330	ok
00462f7a	FUN_00462f7a	265	ok
00462fa1	FUN_00462fa1	501	ok
0046307e	FUN_0046307e	1024	ok
00463110	FUN_00463110	165	ok
00463144	FUN_00463144	385	ok
0046315d	FUN_0046315d	303	ok
00463189	FUN_00463189	564	ok
004631f2	FUN_004631f2	145	ok
004631fd	FUN_004631fd	145	ok
00463208	FUN_00463208	2258	ok
004632dc	FUN_004632dc	1291	ok
0046349a	FUN_0046349a	553	ok
004634c7	FUN_004634c7	48	ok
0046388f	FUN_0046388f	651	ok
004638cd	FUN_004638cd	326	ok
004638ee	FUN_004638ee	194	ok
004639a1	FUN_004639a1	598	ok
00463a03	FUN_00463a03	262	ok
00463a48	FUN_00463a48	451	ok
00463a87	FUN_00463a87	335	ok
00463ad3	FUN_00463ad3	644	ok
00463b20	FUN_00463b20	524	ok
00463b97	FUN_00463b97	1058	ok
00463d1c	FUN_00463d1c	561	ok
00463d67	FUN_00463d67	623	ok
00463e96	FUN_00463e96	1288	ok
00463f30	FUN_00463f30	623	ok
00463f67	FUN_00463f67	218	ok
00463fa9	FUN_00463fa9	589	ok
00463ff3	FUN_00463ff3	339	ok
0046400e	FUN_0046400e	101	ok
00464045	FUN_00464045	589	ok
0046408f	FUN_0046408f	339	ok
004640aa	FUN_004640aa	48	ok
004640d9	FUN_004640d9	331	ok
004640e7	FUN_004640e7	689	ok
00464140	FUN_00464140	533	ok
0046418b	FUN_0046418b	263	ok
004641c6	FUN_004641c6	1184	ok
004642ab	FUN_004642ab	482	ok
004642df	FUN_004642df	4123	ok
004645a2	FUN_004645a2	338	ok
004645d2	FUN_004645d2	1568	ok
0046471c	FUN_0046471c	660	ok
0046477e	FUN_0046477e	304	ok
004648b2	FUN_004648b2	702	ok
00464b00	FUN_00464b00	1367	ok
00464d15	FUN_00464d15	74	ok
00464d20	FUN_00464d20	108	ok
00464d29	FUN_00464d29	292	ok
00464d63	FUN_00464d63	2524	ok
00464f19	FUN_00464f19	342	ok
00464f6c	FUN_00464f6c	497	ok
00464fa3	FUN_00464fa3	763	ok
00465004	FUN_00465004	848	ok
0046507c	FUN_0046507c	260	ok
004650a2	FUN_004650a2	126	ok
004650ac	FUN_004650ac	331	ok
004651c6	FUN_004651c6	992	ok
00465269	FUN_00465269	1147	ok
004652cc	FUN_004652cc	866	ok
0046533d	FUN_0046533d	4437	ok
00465588	FUN_00465588	3532	ok
0046577c	FUN_0046577c	1353	ok
00465893	FUN_00465893	276	ok
00465d2f	__fdivp_sti_st	465	ok
00465d42	FUN_00465d42	370	ok
00465db4	__adj_fdiv_m64	520	ok
00465e00	FUN_00465e00	303	ok
00465e98	FUN_00465e98	56	ok
00465ea2	FUN_00465ea2	82	ok
00465ea9	FUN_00465ea9	82	ok
00465ef5	FUN_00465ef5	420	ok
00465f3d	FUN_00465f3d	535	ok
00465f6c	FUN_00465f6c	676	ok
00466000	FUN_00466000	917	ok
00466045	thunk_FUN_00466000	177	ok
0046606d	FUN_0046606d	388	ok
004660a9	FUN_004660a9	336	ok
004660ea	FUN_004660ea	1204	ok
00466207	FUN_00466207	3223	ok
00466474	FUN_00466474	789	ok
004664bf	FUN_004664bf	482	ok
00466510	FUN_00466510	1446	ok
0046667d	FUN_0046667d	446	ok
004666a8	thunk_FUN_00466957	62	ok
004666ad	FUN_004666ad	224	ok
004666cc	FUN_004666cc	256	ok
00466708	FUN_00466708	210	ok
00466722	FUN_00466722	810	ok
0046675c	FUN_0046675c	1289	ok
004667c7	FUN_004667c7	1534	ok
00466831	FUN_00466831	3997	ok
004668e6	FUN_004668e6	48	ok
004668e8	FUN_004668e8	362	ok
00466957	FUN_00466957	56	ok
00466aa0	ExitThread	312	ok
00466aa6	CreateThread	576	ok
00466aac	CreateEventA	429	ok
00466ab2	GetCurrentThread	279	ok
00466ab8	SetEvent	271	ok
00466abe	WriteConsoleA	500	ok
00466ac4	LocalFree	276	ok
00466aca	TlsFree	276	ok
00466ad0	TlsSetValue	313	ok
00466ad6	TlsAlloc	258	ok
00466adc	TlsGetValue	291	ok
00466ae2	ReleaseMutex	279	ok
00466ae8	WaitForSingleObject	333	ok
00466aee	CreateMutexA	377	ok
00466af4	GetCurrentThreadId	278	ok
00466b12	DeleteFileA	285	ok
00466b24	FileTimeToDosDateTime	362	ok
00466b2a	FileTimeToLocalFileTime	355	ok
00466b30	GetTickCount	266	ok
00466b36	GetTimeZoneInformation	348	ok
00466b3c	GetLocalTime	264	ok
00466b42	LocalAlloc	301	ok
00466b48	GetCurrentProcessId	280	ok
00466b4e	CloseHandle	279	ok
00466b54	GetFileType	277	ok
00466b5a	GetLastError	266	ok
00466b60	GetModuleHandleA	308	ok
00466b66	GetVersion	262	ok
00466b6c	GetCommandLineA	275	ok
00466b72	GetModuleFileNameA	342	ok
00466b78	GetEnvironmentStrings	285	ok
00466b7e	ExitProcess	311	ok
00466b84	GetStdHandle	293	ok
00466b96	SetConsoleMode	319	ok
00466b9c	GetConsoleMode	321	ok
00466ba2	ReadConsoleInputA	431	ok
00466ba8	RemoveDirectoryA	295	ok
00466bae	GetCurrentDirectoryA	334	ok
00466bb4	SetCurrentDirectoryA	303	ok
00466bba	CreateDirectoryA	359	ok
00466bc0	GetDiskFreeSpaceA	559	ok
00466bc6	GetFullPathNameA	384	ok
00466bcc	FindNextFileA	336	ok
00466bd2	FindClose	279	ok
00466bd8	FindFirstFileA	347	ok
00466bde	WriteFile	456	ok
00466be4	SetFilePointer	422	ok
00466bea	ReadFile	444	ok
00466bf0	CreateFileA	622	ok
00466c02	mmioSetInfo	333	ok
00466c08	mmioAdvance	338	ok
00466c0e	mmioGetInfo	332	ok
00466c14	mmioSeek	309	ok
00466c1a	mmioAscend	328	ok
00466c20	mmioRead	295	ok
00466c26	mmioDescend	368	ok
00466c2c	mmioOpenA	340	ok
00466c38	mmioClose	299	ok
00466c3e	GetOpenFileNameA	298	ok
00466c44	SIMD_StopTune	284	ok
00466c4a	SIMD_PlayTune	306	ok
00466c50	SIMD_InitDriver	332	ok
00466c56	midiOutGetDevCapsA	349	ok
00466c5c	midiOutGetNumDevs	274	ok
00466c62	DirectSoundCreate	241	ok
00466c68	acmMetrics	227	ok
00466c6e	SIMD_RemoveDriver	276	ok
00466c74	DirectDrawCreate	239	ok
00466c7a	timeGetTime	264	ok
